point,width,curvature,angle,x,y,apps,brake,steering_position
0,5,0,0,280.192942218391,208.505035400391,25.2516232084242,-0,0.421165412177179
5,5,-0.00571499398785822,-0.0142874849696456,275.196884821896,208.574945969229,73.9036290279862,-0,-0.829171052889983
10,5,-0.00471435695314152,-0.0403608623221449,270.204925327017,208.849472600463,75.4429386827509,-0,-1.05478639960859
15,5,-0.00253743135481935,-0.0584903330920471,265.228618360603,209.333775939139,75.5748917037515,-0,-0.915407707957917
20,5,0.000135709138957338,-0.0644946386317021,260.257487744994,209.870267252602,75.175930979662,-0,0.226541796547802
25,5,0.00256052294560393,-0.057754058420299,255.275286736697,210.28999981168,60.7432208225813,-0,0.395601738819301
30,5,0.00371803662227995,-0.0420576595005893,250.287397861737,210.637168735344,48.7255304189875,-0,0.717445678315142
35,5,0.00300693491537261,-0.0252452306564579,245.296219077012,210.933918585618,46.9156214936281,-0,1.14370746875944
40,5,0.00184279522043805,-0.0131209053169312,240.301090094813,211.148757474879,44.3596989025378,-0,1.11994601546069
45,5,0.00112806880431167,-0.00569374525505688,235.301817332813,211.232783221536,42.7878678959382,-0,0.176998276363935
50,5,0.000685842377506923,-0.00115896730051039,230.303328600116,211.353785879042,39.8571127107813,-0,0.288189364239772
55,5,0.000350705108507837,0.00143240141452651,225.305696723488,211.507531024952,34.7115291281661,-0,0.200657180217243
60,5,0.000479719607632271,0.00350846320487678,220.30721396628,211.63042111622,18.4578185781787,-0,0.349954418651802
65,5,0.00102383396070964,0.00726734712573155,215.308129999236,211.725608874734,19.0029846835414,-0,0.439969710038583
70,5,0.00119025387164904,0.0128025667066282,210.308523824904,211.787879283027,15.517080202798,-0,0.545104599736233
75,5,0.00069029511942544,0.0175039391843145,205.308691579269,211.828484633539,7.63847754732383,-0,0.419846636925563
80,5,-7.89823543646841e-06,0.0192099313942869,200.308743602689,211.850660676152,3.88318542191457,-0,-0.000384940202187868
85,5,-0.000471220852972217,0.0180121336732652,195.308747611984,211.854446660382,0.960524770840723,-0,-0.122635533416407
90,5,-0.000589865144197054,0.015359418680342,190.308761616543,211.860812109544,0.0299451161122106,-0,-0.162985915174419
95,5,-0.000477727608657098,0.0126904367982066,185.309164819547,211.921601727691,0.0364191998503403,-0,-0.113388530386137
100,5,-0.000204381284435854,0.0109851645654742,180.310115958712,212.019072967599,0.0323288357880317,-0,-0.029876767254515
105,5,0.000194506681363309,0.0109604780577929,175.310653550885,212.091660421986,0.0345784765792788,-0,0.12872960609237
110,5,0.000490919708361368,0.0126740440321046,170.310880818304,212.139167186799,0.0333114961337384,-0,0.27397751349504
115,5,0.000440962641290711,0.0150037499062348,165.311044296062,212.179588006912,0.0269067408357243,-0,0.255153050976511
120,5,0.000202036711558001,0.0166112482883565,160.311185283454,212.217126984158,0.0328525161725498,-0,0.122665586865158
125,5,8.53696234055263e-05,0.0173297641257654,155.311303978965,212.251565606293,0.0366766947788622,-0,0.0744686057725298
130,5,9.7817641584382e-05,0.0177877322882401,150.311401127764,212.282720776507,0.0358524037432404,-0,0.0919925457698831
135,5,0.000115672004695224,0.0183214564039391,145.311481332648,212.311027161143,0.0346012295127312,-0,0.10171103094958
140,5,0.000115669937194117,0.0188998112586625,140.311543769119,212.335997148874,0.0342277791381941,-0,0.0970123141081016
145,5,0.000112868605167544,0.0194711576145667,135.311593228651,212.35822551788,0.0334790639833169,-0,0.0982328082245937
150,5,0.000109564968476818,0.0200272415486776,130.31163114838,212.37767678391,0.0338101775886083,-0,0.0975075103025665
155,5,0.000108720620530688,0.0205729555211963,125.311659857681,212.394611969342,0.0357363324635536,-0,0.0952672489133904
160,5,0.000115140167348838,0.0211326074908951,120.311679059222,212.408422107425,0.0350453946223124,-0,0.0977864907049664
165,5,0.000128903910789281,0.0217427176862404,115.311691106762,212.419381686168,0.0349476515567075,-0,0.104512819272468
170,5,0.000152336117369321,0.0224458177566369,110.311697909795,212.427581294673,1.22358520810393,-0,0.113150297980289
175,5,0.000185854427129626,0.0232912941178843,105.311700242658,212.432224370434,6.30634953521803,-0,0.149153021699412
180,5,0.000146208528871514,0.0241214515078872,100.311700440198,212.432003974344,7.68833834680512,-0,0.151489295208782
185,5,7.02906957897518e-05,0.0246626995695403,95.3117036557677,212.42659019757,12.4303389588946,-0,0.117647290229401
190,5,0.000211295838038837,0.0253666659041118,90.3117191934418,212.414384333016,15.9876409229508,-0,0.167273539583415
195,5,0.000650840740712343,0.0275220073509897,85.3117590031104,212.394493434749,18.0132241065011,-0,0.35487102704609
200,5,0.00144772892148682,0.0327684315064877,80.3118304658185,212.367845627613,27.4832488106101,-0,0.646479959010683
205,5,0.00274603551966992,0.0432528426093795,75.3119483740553,212.333669493717,26.1307864444324,-0,0.21941294918992
210,5,0.00428136251595624,0.0608213376984449,70.3137491099806,212.208066231484,22.2679779113975,-0,2.21129529487025
215,5,0.00573566222460108,0.0858638995498382,65.3188195163383,211.983818462953,16.2270675393838,-0,2.6379366189612
220,5,0.00759036682122044,0.119178972164392,60.3327052346964,211.616347760873,13.8775689808668,-0,3.48304276631079
225,5,0.0100694903030858,0.163328614975158,55.3670667196298,211.034624731094,10.856939112262,-0,4.42050856107779
230,5,0.0119649433279056,0.218414699052636,50.4321087581138,210.233325089887,8.16740934131073,-0,2.79439524812172
235,5,0.0124858314116822,0.279541635901606,45.5390069289821,209.207335734039,4.84511639045231,-0,3.47116056980729
240,5,0.0124131323655562,0.341789045344702,40.7413030079815,207.80784513726,5.99310491861681,-0,6.50521223528062
245,5,0.0125583961898301,0.404217866733168,36.0977343060421,205.956134831379,3.98889843383494,-0,6.62252244150177
250,5,0.0133643729312797,0.469024789535942,31.5369833316617,203.907523943004,1.96863524798262,-0,6.64646684555409
255,5,0.015345154400805,0.540798607866154,27.0590868882306,201.684153054271,3.2389967477772,-0,7.08503003172408
260,5,0.0182128132056243,0.624693526882227,22.7647129722885,199.126612847357,1.59523936190734,-0,6.78945727856561
265,5,0.020496241852939,0.721466164528636,18.7321863348405,196.174669327128,0.221293653734773,-0,7.34438595183865
270,5,0.0207025655028372,0.824463182918076,15.0574117654205,192.78816014232,0.00104033064672382,-0,8.02217675653508
275,5,0.0200487512242234,0.926341474735727,11.879503278571,188.934888461438,0.0110150637724652,-0,9.75055548163109
280,5,0.0208727681606753,1.02864527319797,9.07601455004667,184.79529034566,0.0241307132924585,-0,9.84571670514408
285,5,0.0222392554794189,1.13642533229821,6.56362252339074,180.474071045997,0.0264954139195025,-0,2.15783814016449
290,5,0.0231697018070669,1.24994772551442,4.44960649742349,175.94507119635,0,1.13194922680883,9.58970875861315
295,5,0.0242383019308219,1.36846773485915,2.9103775489995,171.193957403425,0.108984147370744,-0,2.90514656821757
300,5,0.0247646602664969,1.49097514035244,2.29293660823547,166.239652089755,1.51366360350299,-0,16.4949883612665
305,5,0.0241548547027162,1.61327392777548,2.21075002568387,161.241057462794,3.56234205403939,-0,7.56439283017164
310,5,0.0230116641341378,1.73119022486761,2.5191930567457,156.252065479105,7.1810920337272,-0,6.14371006824601
315,5,0.0228922183240044,1.84594993101297,3.41813169945152,151.338266290281,9.29922435727128,-0,5.56080556009969
320,5,0.0240883925787294,1.9634014582698,4.89675446777974,146.564670787001,18.7698706940372,-0,10.9982224048424
325,5,0.0238224189840142,2.08317848717666,6.98761173000296,142.026587907968,21.0098265940914,-0,15.2485903961197
330,5,0.020991552188262,2.19521341510735,9.60658254585957,137.770528340764,21.4796262422997,-0,12.748240457757
335,5,0.016978363316424,2.29013820386907,12.6765430483794,133.827173895468,20.8531534468253,-0,6.05583463880976
340,5,0.0127483381503257,2.36445495753594,16.1143278836467,130.198008801143,20.8208363471541,-0,3.99543566386625
345,5,0.0091280134780243,2.41914583660681,19.7344682533673,126.749648052278,21.0978892808151,-0,3.35802083064185
350,5,0.00694025048313831,2.45931649650972,23.4859547162343,123.444604647744,21.6332895523912,-0,2.33539844370345
355,5,0.00637819147356145,2.49261260140147,27.3382294608854,120.257319370876,21.8834578379553,-0,2.28001634086947
360,5,0.00679693193905594,2.52555040993301,31.2806447738315,117.182404765922,21.7434300927385,-0,2.46762974941328
365,5,0.00736941673356779,2.56096628161457,35.3165554893968,114.231326550825,21.2537946816738,-0,2.73764262119566
370,5,0.00822799809771197,2.59995981869277,39.4893404157508,111.477828029337,20.11479481221,-0,3.2038863714132
375,5,0.00944849174719251,2.64415104330503,43.7813339339313,108.913367412203,19.233157279152,-0,3.76903437991903
380,5,0.0100999596227407,2.69302217172987,48.1597025583964,106.499718045928,18.4033296966554,-0,4.68265453141648
385,5,0.00975121360077938,2.74265010478867,52.6421985725255,104.285154808794,17.2531971294284,-0,4.01152249006347
390,5,0.00867986097011568,2.7887277912159,57.2397433342969,102.323694731973,16.5923716994489,-0,3.53259367354294
395,5,0.00693540122047318,2.82776594669238,61.9645146186816,100.688795397057,9.86111040674234,-0,2.56926562666105
400,5,0.004853855815392,2.85723908928204,66.7257326461234,99.1622362345355,9.27280759945798,-0,1.87609287559277
405,5,0.00337872071991377,2.8778205306203,71.5131110760797,97.7198635203574,8.87553592306848,-0,1.25198712937819
410,5,0.00320697688735305,2.89428477463847,76.3125926208001,96.3180987687006,8.54902502924876,-0,1.19168829897843
415,5,0.00390725462273755,2.9120703534137,81.1296415140544,94.9783375395756,8.16122716150027,-0,1.48945398330811
420,5,0.00454978075977726,2.93321294186999,85.972508717545,93.7350781157131,7.83735159514346,-0,1.79470450147519
425,5,0.00534527900868328,2.95795059129114,90.8565069175767,92.6662611104347,7.5163554813741,-0,2.0181008192304
430,5,0.00657466232778994,2.98775044463232,95.770366620378,91.7423849037393,7.22036658422883,-0,2.479350695316
435,5,0.00712492470724816,3.02199941221992,100.700455123101,90.9100794706413,7.06255891147753,-0,2.75044823126153
440,5,0.00639558557019864,3.05580068791353,105.649781667866,90.2008082085809,7.04682423404368,-0,2.44674138066911
445,5,0.00508936686473753,3.08451306900087,110.624666975489,89.7095446914411,7.383385254512,-0,1.89362967321425
450,5,0.00341821947164505,3.10578203484183,115.62032952166,89.5091294711536,8.02182489494038,-0,1.33724221808051
455,5,0.00146582735430577,3.11799215190671,120.617405662947,89.3404684326727,9.02507905028935,-0,0.654252558096914
460,5,0.000263084255444571,3.12231443093108,125.610265744606,89.0738688139309,15.9657962736728,-0,0.131670373641724
465,5,0.000722212291205694,3.12477767229771,130.604215477657,88.828377677821,16.7592463879084,-0,0.265058608099366
470,5,0.00228250401930126,3.13228946307397,135.599148956697,88.6033473231111,17.4038820698968,-0,0.933319916899076
475,5,0.00315914472476884,3.14589358493415,140.595479185432,88.4150916142211,17.941702856237,-0,1.35441490435179
480,5,0.00313837407955597,3.16163738194496,145.595161228226,88.3786965237214,18.2631456574598,-0,1.32298343381833
485,5,0.00336165287915887,3.17788744934175,150.594371802557,88.4644255486089,18.3666772247261,-0,1.30075575350523
490,5,0.00378893319720657,3.19576391453266,155.592640004076,88.595762612322,18.6004847526924,-0,1.54813139724812
495,5,0.00484740838204648,3.21735476848079,160.58981649674,88.7633406532495,18.5081485958154,-0,1.86705663354415
500,5,0.00741511985451318,3.24801108907219,165.583538781477,89.0063721953791,18.1916188201554,-0,2.75826279953018
505,5,0.011261707853664,3.29470315834264,170.553501522571,89.5510116002449,10.3295544387612,-0,3.51683290690527
510,5,0.0155083488214452,3.36162830003041,175.499452741664,90.2779049597824,8.98420263162596,-0,5.29517008213689
515,5,0.0193726557698252,3.44883081150859,180.375530982208,91.3767025874064,7.53651309757253,-0,8.84636678921584
520,5,0.0231528861631241,3.55514466634096,185.108279111681,92.9803174188576,3.9328649983123,-0,14.5647648020798
525,5,0.0260215262614578,3.67808069740241,189.6328120407,95.0982524334219,1.82139377495526,-0,9.20132183571674
530,5,0.0265530958515092,3.80951725268483,193.805768160301,97.8466031792992,0.55840057107703,-0,11.1214702176607
535,5,0.0254097615939152,3.93942439629839,197.620713266552,101.06733219483,0.0382565661749973,-0,12.7758337676739
540,5,0.0240191933524556,4.06299678366432,200.87487814,104.861004812783,0.0382225605476668,-0,8.16398259656664
545,5,0.0235851414159259,4.18200762058527,203.683555789368,108.993473874018,0.185632478870084,-0,6.44856257128742
550,5,0.0242163035851076,4.30151123308786,206.10145157736,113.368085841949,0.893324354216161,-0,7.68994298870686
555,5,0.0255026716549026,4.42580867118788,207.999496933139,117.990611734986,1.93207546387248,-0,9.34065603087032
560,5,0.0275267044414942,4.55838211142887,209.308540970959,122.813233142843,3.36531431068615,-0,10.2909250814753
565,5,0.0289457209038896,4.69956317479233,209.812671602037,127.782036232946,5.93395415532742,-0,10.3721487713669
570,5,0.0288634512686586,4.8440861052237,209.59591266816,132.773513585118,7.04843152235065,-0,9.98653289563232
575,5,0.0277997293866792,4.98574405686205,208.704503050269,137.689430497822,8.48250871903293,-0,10.3204980453116
580,5,0.0260072807991723,5.12026158232668,207.13174014967,142.431033323053,13.6741794760658,-0,10.3473241196255
585,5,0.0242475807834234,5.24589873628317,204.939616889318,146.921996923283,14.5771099699744,-0,11.0009647117331
590,5,0.0232803922860058,5.36471866895674,202.23573833828,151.123531326599,14.6405430528568,-0,12.3880233265482
595,5,0.0233706724997156,5.48134633092104,199.008020614798,154.938215432812,14.6996069806024,-0,13.8329152931326
600,5,0.0247278555147873,5.6015926509573,195.433194327527,158.431561954628,14.4814437224178,-0,12.1306596593572
605,5,0.0267404220721571,5.73026334492466,191.50142128384,161.514938874324,13.8055347821477,-0,7.25485697328789
610,5,0.0280580670885577,5.86725956782645,187.172187354492,164.007078361054,13.2724623106612,-0,5.73169379771174
615,5,0.0275492793451692,6.00627793391077,182.517039145578,165.819225580412,13.2842802187797,-0,5.97881556805903
620,5,0.0243521531203912,6.13603151507467,177.64799152348,166.936949105788,13.530504360171,-0,10.1003790121366
625,5,0.0191315823551892,6.24474085376362,172.669270505051,167.363951221917,14.2845705330896,-0,10.1405179974961
630,5,0.0137113753095843,6.32684824792555,167.670394629854,167.356451361287,15.2966842293828,-0,8.19183605122306
635,5,0.00917588738713411,6.38406640466735,162.68037330405,167.047833602934,16.6869113380953,-0,4.32812372099721
640,5,0.00621138913171922,6.42253459596448,157.705911891339,166.544706844755,17.9810280658008,-0,3.05815712164905
645,5,0.00491781133800331,6.45035759713879,152.74486709406,165.923508813051,18.8900942508076,-0,2.08208736941047
650,5,0.00422795022178082,6.47322200103825,147.80440780233,165.154862364984,19.4872206974038,-0,1.87550198839124
655,5,0.00335446136355819,6.4921780300016,142.88091725949,164.284033674496,19.7022960654322,-0,1.55379608986126
660,5,0.002283814628895,6.50627371998273,137.975405772887,163.316964920031,19.8662286058325,-0,1.01969976085134
665,5,0.00127447237451589,6.51516943749126,133.088026701952,162.26193640124,20.5181325338376,-0,0.60415778600605
670,5,0.000622534683219856,6.5199119551356,128.204258575928,161.190144134244,20.5861899578035,-0,0.316523008811489
675,5,0.000344547768049757,6.52232966126377,123.313409386262,160.151140129221,20.2771799262697,-0,0.213325119677002
680,5,0.000318127565485003,6.52398634959761,118.424365935148,159.103688822417,19.8294428687117,-0,0.207774423528705
685,5,0.000375067872284698,6.52571933819203,113.541517674027,158.027701213944,19.3851394510996,-0,0.233847863384787
690,5,0.000262949320779068,6.52731438117469,108.663566727274,156.929724839559,19.1109026062863,-0,0.202658642393503
695,5,-3.14856763068791e-05,6.52789304028587,103.789762499143,155.813470637165,18.6939907883708,-0,0.075648200558033
700,5,-0.000234117605587746,6.52722903208113,98.912952492716,154.710457968821,18.1225202841351,-0,-0.0239639227784989
705,5,-0.00018352810518111,6.52618491780421,94.0293810477598,153.63775330866,17.5882099925693,-0,-0.00245140005554046
710,5,9.03763915539239e-05,6.52595203852014,89.1455264939972,152.566327470539,16.7122847894544,-0,0.10743753415344
715,5,0.000443715618126344,6.52728726854434,84.2645610835571,151.481817966417,16.1544646438598,-0,0.248050255041431
720,5,0.000703599315910685,6.53015555587944,79.3864613298197,150.38448966774,9.79052445965327,-0,0.355362053335352
725,5,0.000892130675209659,6.53414488085724,74.5112496670225,149.274401742023,9.19693451618366,-0,0.420165505643205
730,5,0.00101370149871789,6.53890946129206,69.6391315161312,148.150812486611,8.69491326582397,-0,0.463477545473809
735,5,0.000222060797631764,6.54199886703293,64.7678064762182,147.023785040647,8.43750785102023,-0,0.219481511973781
740,5,-0.00386412100571232,6.53289371651273,59.8929543869989,145.91213741917,7.65014046342432,-0,-1.18223678305312
745,5,-0.0136313693574202,6.4891549906049,55.0094991017499,144.839203282952,4.09709231302235,-0,-4.44147630236992
750,5,-0.0267363783327672,6.38823562137943,50.0908679163203,143.94317957603,0.713467125610517,-0,-9.95346664311106
755,5,-0.0374147215570205,6.22785787165496,45.1154164235865,143.516707749746,0.0360128813677085,-0,-16.9693839749068
760,5,-0.0441334682797422,6.02398739706305,40.1636374665776,144.127447144809,0.0362742555616972,-0,-18.3853580210142
765,5,-0.0512254755327945,5.78559003753171,35.6704780854068,146.251725653851,0.0953413753787388,-0,-26.6193116727401
770,5,-0.0575379557858016,5.51368145923522,31.9436894346378,149.567269639527,0.0314061581641419,-0,-26.3106253343178
775,5,-0.0596591590662612,5.22068867210507,28.843717989356,153.484793483265,0,0.0111875361739033,-19.0615647988816
780,5,-0.0603104220400604,4.92076471933926,26.6850043077799,157.975227825077,0.0347907921293761,-0,-19.1809252371035
785,5,-0.0635280207177884,4.61116861244464,26.6271537750964,162.917468841436,0.0234853633160309,-0,-19.945681976681
790,5,-0.0645535288338249,4.29096473856561,28.3561837269532,167.592554089971,0,0.0247692713750218,-20.4610794562211
795,5,-0.0572975850135594,3.98633695394715,31.125427269023,171.730726553433,0,0.0143619669484269,-19.8017231564525
800,5,-0.0448603164191848,3.73094220036529,34.8737324185998,175.021561136441,0.0727979402095819,-0,-26.4934429590977
805,5,-0.0338416702085973,3.53418723379583,39.446129066816,177.000411772566,0.0298595508518169,-0,-14.0810799844073
810,5,-0.0231967427211002,3.39159120147159,44.3287219702557,178.07084857714,0.0818434170002314,-0,-9.29446166750795
815,5,-0.0116949914568713,3.30436186602666,49.2576485497802,178.900998927908,0.269182116899434,-0,-4.57793810735594
820,5,-0.00311572525092223,3.26733507425717,54.2302448278577,179.423444304587,17.9735631682255,-0,-1.1832862084784
825,5,-0.000230094954743302,3.25897052374301,59.2037411528886,179.937577565267,45.1989751883187,-0,0.203119979584658
830,5,-0.000159844415896532,3.25799567531641,64.1768079737855,180.4558482387,48.8344865151263,-0,0.109034672150277
835,5,-0.000293258965926874,3.25686291686185,69.1495764467925,180.976972286003,50.4286285731391,-0,-0.0264850116223293
840,5,-0.000633785367118854,3.25454530602924,74.1261244768132,181.460241777326,50.7797172754305,-0,-0.0717157664183068
845,5,-0.000778921952734415,3.2510135377296,79.1078428361632,181.88734437014,50.2278166348283,-0,-0.201809830261585
850,5,-0.000444751072703558,3.24795435516601,84.0902250383727,182.306709904701,49.2403995970353,-0,-0.0874609953337575
855,5,-2.13656837178264e-05,3.24678906327496,89.0724872369774,182.727498399182,47.9454237969491,-0,0.13827043974622
860,5,0.000211143102453498,3.24726350682179,94.0544879496714,183.151370719428,46.2206323898665,-0,0.213545114728783
865,5,0.000199857833801619,3.24829100916243,99.0361802190312,183.578853100816,44.4982626026783,-0,0.191691370732309
870,5,0.000149069619846376,3.24916332779655,104.017577710955,184.009756709412,42.7466470117016,-0,0.154829433253495
875,5,0.000140524671084027,3.24988731352388,108.99867880919,184.444073414834,40.8070030544918,-0,0.147033990149521
880,5,0.000144089189023152,3.25059884817415,113.979478717247,184.881830445011,20.7079999305659,-0,0.144717189095086
885,5,0.000154973280638819,3.2513465043483,118.9599757124,185.323020490953,18.5762698254419,-0,0.138869046618954
890,5,0.000170745266797085,3.25216080071689,123.940141245636,185.76793610011,16.4418890620266,-0,0.139816600139488
895,5,0.00018786061439098,3.25305731541986,128.919928159459,186.217069365282,9.60922297084547,-0,0.140642242337515
900,5,0.000202752700104746,3.2540338487061,133.899282189021,186.670976026017,7.66827847360633,-0,0.139783639367047
905,5,0.000216808340129043,3.25508275130669,138.878166248086,187.130008925183,5.90959512313815,-0,0.140411756401681
910,5,0.000259776632195792,3.2562742137375,143.856528474905,187.594666713253,3.04978244066179,-0,0.150546600305037
915,5,0.000332182843546526,3.25775411242685,148.834375843853,188.064808183575,1.3823011167787,-0,0.176084340446329
920,5,0.000424338170558568,3.25964541496212,153.811674213931,188.540726326322,0.168222192472049,-0,0.207564164583018
925,5,0.000628261727657696,3.26227691470766,158.788388587173,189.02271229938,0.0247503450393342,-0,0.270555628440639
930,5,0.000357679655860633,3.26474176816645,163.76439740243,189.511926938796,0.026558203940031,-0,0.221172773925119
935,5,-0.00184879480761872,3.26101398028706,168.739914029582,190.00612487001,0.0245196051039217,-0,-0.563209978156763
940,5,-0.00601342799443738,3.24135842328192,173.717882669627,190.47481164773,0.0260510606986539,-0,-2.44006715775229
945,5,-0.0101834166980366,3.20086631155073,178.700564562405,190.89013966929,0.0262474758412008,-0,-4.04601458916987
950,5,-0.0134664669088746,3.14174160253345,183.694043197397,191.121822439098,0.0238886895654542,-0,-5.73683711971914
955,5,-0.0164241441481059,3.067015074891,188.683078287678,190.838192453046,0.0287684815785852,-0,-6.59910509071482
960,5,-0.0189351345313248,2.97861687819243,193.609721892368,189.995492606323,0.031773127839817,-0,-7.43736986173749
965,5,-0.021035768801545,2.87868961986025,198.473174365223,188.837590861552,0.03069863170121,-0,-8.03226274762718
970,5,-0.0234877200438102,2.76738089774686,203.234511423768,187.320464095976,0.0292433001863305,-0,-9.12525311225089
975,5,-0.0264111086922784,2.64263382590664,207.748611509911,185.179484570374,0.0312501388315791,-0,-9.89921904611501
980,5,-0.0287432073267285,2.50474803585912,211.939445211172,182.459251971176,0.0296721868937342,-0,-10.323674264857
985,5,-0.0285444867174972,2.36152880074856,215.668365197304,179.136808720168,0.0285890313331898,-0,-9.64963373606031
990,5,-0.025372990275069,2.22673510826715,218.799827440415,175.245686493269,0.0340952198844421,-0,-8.06927495199731
995,5,-0.0204510531126856,2.11217499979776,221.488294132498,171.03151909259,0.485543630974753,-0,-7.3501502780039
1000,5,-0.0146536529809928,2.02441323456356,223.701508343226,166.551795550014,6.91126438361963,-0,-5.25040027773241
1005,5,-0.00913921458653568,1.96493106564474,225.539512657952,161.902232955519,17.2319083619374,-0,-3.46493169639355
1010,5,-0.00473618749956153,1.9302425604295,227.224395187837,157.194868033781,21.6137525519132,-0,-1.79800346904263
1015,5,-0.00144890410516664,1.91477983141768,228.816481377999,152.455135517035,44.3798373816741,-0,-0.514738984580891
1020,5,0.000301381479544301,1.91191102485362,230.389317972967,147.708959825749,46.1471494588016,-0,0.267089090315142
1025,5,0.000936663926773717,1.91500613836942,231.979579622525,142.968612752465,46.8546900178213,-0,0.514587471252444
1030,5,0.00141120500415569,1.92087581069674,233.603261171049,138.23959367683,46.7700586246098,-0,0.650536818318842
1035,5,0.00177954250944083,1.92885267948073,235.245362774974,133.516939173007,46.2711422370815,-0,0.836584553862252
1040,5,0.00254393731307782,1.93966137903703,236.909595208024,128.802043278369,45.366682307478,-0,1.11447219660571
1045,5,0.00560064504405072,1.96002283492985,238.654058265956,124.116375239621,43.7284362320425,-0,2.26330543566985
1050,5,0.0110241866878717,2.00158491425966,240.528647395361,119.481299390273,41.3589372421176,-0,4.70377780339888
1055,5,0.0160097055989916,2.06916964497681,242.548593267888,114.907718741465,19.5715694972079,-0,6.65393055235117
1060,5,0.0191946343586919,2.15718049487102,244.839071655916,110.465804557269,16.6331324711843,-0,7.88631211508974
1065,5,0.0208280614299428,2.25723723434261,247.686297851681,106.361502847816,8.71385752638573,-0,8.77697123208475
1070,5,0.0208927503538907,2.36153926380219,251.161708537234,102.771239033699,6.04024614428637,-0,8.39805726646705
1075,5,0.019390110417551,2.4622464157308,254.84138076753,99.3874970396144,2.47868002288844,-0,7.32079940139273
1080,5,0.0172479106274687,2.55384146834335,258.785223412818,96.3164606786632,0.265764198595448,-0,6.12650889877521
1085,5,0.0160875467089718,2.63718011168445,262.978388663933,93.5960455508145,0.0286626476136537,-0,5.68826856151555
1090,5,0.0157839408272704,2.71685883052505,267.399005740088,91.2633788659433,0.0287928235418178,-0,5.66661794118669
1095,5,0.0151621533376148,2.79422406593727,272.012653463872,89.340604934396,0.0290472221792227,-0,5.50741128168028
1100,5,0.0146427980198733,2.86873644433099,276.755039877543,87.7586380615232,0.0292136293707627,-0,5.29372393312203
1105,5,0.0144224431831664,2.94139954733859,281.588225782016,86.4806124472695,0.029267168676944,-0,5.32794706697777
1110,5,0.0133948760925295,3.01094284552783,286.47827687464,85.4430023186266,0.0302184748720408,-0,5.13227145283944
1115,5,0.0109954542949668,3.07191867149657,291.441567245691,84.8521643616222,0.0292496767849732,-0,4.28651106629853
1120,5,0.0075933366772068,3.118390648927,296.434577558424,84.6019903852805,0.0988773445107186,-0,3.00875397751414
1125,5,0.00371961246419697,3.14667302178051,301.434148550508,84.6440212818052,3.65355348090656,-0,1.57414506074785
1130,5,0.000335411803941749,3.15681058245086,306.434006234304,84.6566895439249,8.67354490603653,-0,0.251325935620381
1135,5,-0.00137239318518346,3.15421812899775,311.433313266799,84.5758157323574,16.7161255696982,-0,-0.490576756914824
1140,5,-0.00116968745920255,3.14786292738679,316.43194328683,84.458798377035,19.2699921419999,-0,-0.443769553216306
1145,5,-1.04886071671291e-05,3.14491248722086,321.430844811253,84.3541855540297,21.4277858693497,-0,0.056404729071266
1150,5,0.000611241940301558,3.1464143705537,326.430120451486,84.2692266717972,42.0208934651097,-0,0.388151868226342
1155,5,0.000332960560909432,3.14877487680673,331.429656301577,84.2012750052827,42.7347623282227,-0,0.27828282632083
1160,5,-0.000143937607225757,3.14924743419093,336.429391928558,84.1500857948221,43.0097102798298,-0,0.0364583072510234
1165,5,-0.000439838780309378,3.1477879932221,341.429157702462,84.1020588191506,42.9253922374358,-0,-0.0768736398929692
1170,5,-0.000529210618390103,3.14536536972535,346.428410989006,84.016562357039,42.5764713237925,-0,-0.110970010383193
1175,5,-0.000437432875994159,3.14294876098939,351.427207812691,83.9068958285456,41.9585133267073,-0,-0.0831845398641739
1180,5,-0.000186289938768546,3.14138945395248,356.426032963991,83.7985168380496,21.9495243370986,-0,0.0156300209880495
1185,5,6.49486841409906e-05,3.14108610081591,361.424909856044,83.6925471528359,21.0487989885668,-0,0.123190252830865
1190,5,0.000135985810927145,3.14158843705358,366.423821902415,83.5882488046667,20.0023473747017,-0,0.151511125210258
1195,5,8.95802180710988e-05,3.14215235212608,371.422767317571,83.4855623505564,18.8644736467231,-0,0.116419017540612
1200,5,6.23068826748344e-05,3.14253206987794,376.421746218659,83.3845191566819,17.8152576942528,-0,0.0993454396157379
1205,5,6.07705165706486e-05,3.14283976337606,381.420755929329,83.2850117988528,16.7532045241966,-0,0.101429510197212
1210,5,6.06383568805131e-05,3.14314328555968,386.41979550501,83.1870161832556,15.7294343580663,-0,0.0960247562193455
1215,5,6.01737789985028e-05,3.14344531589938,391.418865818332,83.0906014446078,9.34047728121699,-0,0.0921321768274532
1220,5,5.93706090442705e-05,3.14374417686949,396.417963933645,82.9956390766856,8.46562700686133,-0,0.0904294323981671
1225,5,5.83569176512594e-05,3.14403849568623,401.417089028454,82.902107813571,7.67015900450363,-0,0.0870979391663859
1230,5,5.79911088984445e-05,3.1443293657526,406.416243532839,82.8101620281945,6.98170411246724,-0,0.0852256357107195
1235,5,5.8310738389492e-05,3.14462012037082,411.415424394057,82.719660287904,6.52154140452308,-0,0.0842852529332062
1240,5,5.84589060780858e-05,3.14491204448199,416.41462958346,82.6305126042036,6.22003859563067,-0,0.0834926268840841
1245,5,5.92331601743878e-05,3.14520627464762,421.413860406186,82.5428143629365,6.06676634799211,-0,0.0836408195903223
1250,5,6.24451824297037e-05,3.14551047050413,426.4131188567,82.4567055566103,6.08737151237031,-0,0.0851841925756812
1255,5,6.85574962110863e-05,3.14583797720073,431.412403996988,82.3721602673362,6.27669665210427,-0,0.0884391327549851
1260,5,7.72414636342543e-05,3.14620247460035,436.411715633344,82.2891969044607,6.60131310230031,-0,0.0929931230055144
1265,5,8.82484727715292e-05,3.14661619944136,441.411057307336,82.2080642965465,7.0740085188584,-0,0.0988407085678974
1270,5,0.000101129585140317,3.14708964458614,446.410434572253,82.1291562870486,7.67682934313995,-0,0.10581742308672
1275,5,0.000114639821388523,3.14762906810246,451.409852013015,82.0528369452362,8.33411698777216,-0,0.113215007120291
1280,5,0.000127153382938491,3.14823355111328,456.409313425617,81.9794556178356,9.04452258378471,-0,0.120427688221321
1285,5,0.000137542582772772,3.14889529102756,461.408819548306,81.9091875445768,9.77432008472055,-0,0.125953651994133
1290,5,0.00014372483906437,3.14959845958215,466.408372768389,81.8423550036678,16.8574691948609,-0,0.130754933248214
1295,5,0.000102376590030354,3.15021371315489,471.407974702649,81.7792740774652,17.5414436817756,-0,0.121327909923353
1300,5,-1.14686928467246e-05,3.15044098289785,476.407625011378,81.7201526121595,18.1429709415504,-0,0.080053154702445
1305,5,-8.49635630657603e-05,3.15019990225807,481.407322012938,81.6651205356234,18.6575209439878,-0,0.0437114386995157
1310,5,0.00022764460872635,3.15055660487222,486.407064677289,81.6144107269267,19.0864755066087,-0,0.140332362587119
1315,5,0.00135452265729903,3.15451202303728,491.406855949785,81.5687542926186,19.2415154809771,-0,0.576056845287352
1320,5,0.003380368126443,3.16634924999664,496.406714736569,81.5314949554995,19.0469306916587,-0,1.40390413973302
1325,5,0.00612868260182117,3.1901218768173,501.406564018286,81.5552860654858,18.5957901496755,-0,2.7123802487419
1330,5,0.00943423804514541,3.22902917843471,506.403632439755,81.715587483465,17.8788653771429,-0,4.01785874393932
1335,5,0.0128748453531074,3.28480188693035,511.384640551501,82.1432494353205,9.31689585927327,-0,6.57060704846733
1340,5,0.0157767681887724,3.35643092078505,516.327033895938,82.8921193737656,7.96790281364918,-0,7.82782066268827
1345,5,0.01762538489666,3.43993630349863,521.197354051764,84.0171202228458,4.66592939060703,-0,8.63434723152704
1350,5,0.018238524777208,3.5295960776833,525.944511604127,85.5806664748301,3.56402240059735,-0,8.98874505084074
1355,5,0.0176928149892672,3.61942442709949,530.513862351748,87.6058294802947,2.81861583363869,-0,8.89773050446456
1360,5,0.0163281550802028,3.70447685227316,534.882026502901,90.0355552380521,2.02925013143331,-0,8.34717030278026
1365,5,0.0150445297832146,3.7829085644317,539.028575424887,92.8272714182332,2.14771799237977,-0,7.67118973992257
1370,5,0.0149994219950323,3.85801844387732,542.967398241134,95.905610231112,2.97680502143552,-0,7.43895500356228
1375,5,0.0164298150178003,3.9365915364094,546.694511988737,99.2372170555333,3.36571357877686,-0,7.7834481989961
1380,5,0.0180248133558401,4.0227281073435,550.185240632715,102.815219957647,3.83296349877611,-0,8.24096679195774
1385,5,0.0185420506566652,4.11414526737477,553.326103259613,106.702755547531,4.51165799749017,-0,8.20306026764984
1390,5,0.0181723727282242,4.20593132583699,556.024664266724,110.908754523323,7.31190258525714,-0,7.74001687663843
1395,5,0.0176317403287072,4.29544160847932,558.224354022777,115.395779737276,8.31185425616209,-0,7.19547294429949
1400,5,0.0173259601590926,4.38283585969882,560.076682274853,120.039736819455,9.31105205198304,-0,6.81564346699421
1405,5,0.0173146011643249,4.46943726300736,561.681692808109,124.77387018791,10.199996697333,-0,6.52073336895328
1410,5,0.017624861174865,4.55678591885534,562.87166969431,129.62790611602,17.4850009764632,-0,6.40534673540831
1415,5,0.0181196212115032,4.64614712482126,563.531572254836,134.58166553244,17.7397717938066,-0,6.38147378043665
1420,5,0.0179139946724111,4.73623116453104,563.659187499573,139.577787628776,17.8391562387045,-0,6.19183301025408
1425,5,0.0167456323614733,4.82288023211575,563.364655181553,144.568218566019,17.9752272605218,-0,5.61244381856716
1430,5,0.0156759201092388,4.90393411329253,562.737531299611,149.527577414072,18.0512026428763,-0,5.11050906505503
1435,5,0.0155543208412866,4.98200971566885,561.72237876099,154.422045189769,17.9215450362935,-0,4.97832678785856
1440,5,0.0162080858995818,5.06141573252102,560.314390645727,159.218270121347,17.4908877562624,-0,5.22747730876596
1445,5,0.016504471872413,5.14319712695101,558.51897518267,163.883300854952,16.9682165690831,-0,5.44459643359284
1450,5,0.0156367035952748,5.22355006562023,556.346324860964,168.385048992667,16.4846975726729,-0,5.19479980420755
1455,5,0.0142314896013277,5.29822054861173,553.816731515014,172.696373286607,16.1702581579017,-0,4.78423644589299
1460,5,0.01315307813852,5.36668196796135,550.946873659211,176.789076958805,15.9148970673195,-0,4.56255490801026
1465,5,0.0126397354685488,5.43116400197902,547.815473007106,180.686482783271,15.5884800016204,-0,4.61180481814938
1470,5,0.0127779435084123,5.49470819942143,544.514531227278,184.441359690128,15.1727409663783,-0,4.88511349482337
1475,5,0.0137034403680916,5.56091165911269,540.99234609389,187.988586468739,9.55051411061746,-0,5.55562022044853
1480,5,0.0150406506808396,5.63277188673501,537.207714788609,191.254128786531,8.91395303950907,-0,6.4472794336574
1485,5,0.0157034933552229,5.70963224682517,533.181762113976,194.217164312046,8.31536006891275,-0,7.08906584988151
1490,5,0.0152026331409509,5.7868975630656,528.937369178208,196.857563794367,7.89934811846055,-0,7.20107066955131
1495,5,0.0140638022950095,5.8600636516555,524.491487896097,199.142284854256,7.7337952544329,-0,7.06438507759115
1500,5,0.0124995941062761,5.92647214265872,519.889395588077,201.095028049806,7.8306499493754,-0,6.83657364000826
1505,5,0.0104968702517109,5.98396330355369,515.187145867413,202.793008442188,8.22424364521545,-0,6.46452447825764
1510,5,0.00855619228943042,6.03159595990654,510.401925224002,204.240718562986,8.84592923334994,-0,4.03875903839587
1515,5,0.00709352819819089,6.07072026112559,505.549150005803,205.443163757822,9.56461381292826,-0,3.56614895922935
1520,5,0.00600890495049177,6.1034763439973,500.660915787827,206.494123782871,15.0813553854182,-0,3.26097251600561
1525,5,0.0051022708154328,6.13125428341211,495.752180880503,207.444181229084,15.8043489154141,-0,3.02151898547793
1530,5,0.00447982245308579,6.15520951658341,490.816531976931,208.24278684775,16.396017835068,-0,2.06990071875206
1535,5,0.0041278695674818,6.17672874663483,485.863549548034,208.926168958776,16.8295914574178,-0,1.96665671007845
1540,5,0.00371312739210926,6.1963312390338,480.896846622947,209.501454522878,17.1353039954176,-0,1.85648203116473
1545,5,0.00326698591329461,6.21378152229731,475.920394269388,209.985558576659,17.3266883884478,-0,1.69352703886141
1550,5,0.00306216344934474,6.22960439570391,470.93721713147,210.394877979367,17.3699928997433,-0,1.6217692991031
1555,5,0.0030457532996959,6.24487418757651,465.948927024194,210.736334296553,17.2476803722652,-0,1.65554755946004
1560,5,0.00295723344556092,6.25988165443966,460.956415216095,211.008960848938,17.0292824121473,-0,1.65782797824213
1565,5,0.00254637600245048,6.27364067805968,455.959918831139,211.194553770301,16.8002756934066,-0,1.53254119806999
1570,5,0.00175050647185739,6.28438288424545,450.961282920026,211.309903736376,16.5718010108392,-0,0.901135484754292
1575,5,0.000769911264653906,6.29068392858673,445.961584605281,211.362434265152,16.4339651656191,-0,0.41610433916124
1580,5,-5.87421401246904e-05,6.29246185139805,440.96169222632,211.394925155375,16.3274005832422,-0,0.0502026466465
1585,5,-0.000516548526426626,6.29102362473168,435.96203367031,211.452735174961,15.9653129206798,-0,-0.125855519217003
1590,5,-0.000592136510403374,6.2882519121396,430.962786333657,211.539131381754,15.5320957150854,-0,-0.153922682764712
1595,5,-0.000232328631678518,6.2861907492844,425.963814980902,211.640541683856,15.0872683281122,-0,-0.0300758769832328
1600,5,0.000520067376799838,6.2869100961472,420.964672186529,211.733045174345,14.5717980335581,-0,0.291710937283309
1605,5,0.00125515132308007,6.2913481428969,415.965311594873,211.812929587335,13.9047932960542,-0,0.685745788540241
1610,5,0.00155787418914311,6.29838070667746,410.965771784664,211.88065678087,13.3073021565713,-0,0.806334009795363
1615,5,0.00136904999342305,6.30569801713387,405.965918955796,211.914047734583,9.05784981755628,-0,0.717542472367004
1620,5,0.000839685977221279,6.31121985706048,400.966176970564,211.868347561407,8.79327373278054,-0,0.429634746548884
1625,5,0.000151500467858213,6.31369782317318,395.966885561379,211.784216471707,8.67366306963293,-0,0.142759554909784
1630,5,-0.000484986038537671,6.31286410924649,390.967278916836,211.722242594697,8.49907729957043,-0,-0.116667432389207
1635,5,-0.000824835922857246,6.309589554343,385.967371324023,211.69333772961,8.31472032863427,-0,-0.240044865993532
1640,5,-0.000750794041172546,6.30565047943292,380.96737673826,211.694783042817,8.22546631495597,-0,-0.228791180809251
1645,5,-0.00044407372525131,6.30266331001686,375.967393898485,211.707850113559,8.24148070547481,-0,-0.101369474888082
1650,5,-0.000149395792483331,6.30117963622253,370.967397956311,211.71373405695,8.33949012368697,-0,0.0184802567611021
1655,5,1.90219864837824e-05,6.30085370170753,365.967406528101,211.721904554987,8.48107985909181,-0,0.0849226035704557
1660,5,-5.70741212023937e-07,6.30089982982071,360.967471284391,211.74708703759,8.64608382175828,-0,0.0828681056783482
1665,5,-0.000117213770658931,6.30060536854103,355.967534437425,211.77205615193,8.80396207359837,-0,0.0301824166135554
1670,5,-0.000160948748429593,6.29990996224331,350.967554173109,211.785723109339,11.741644383702,-0,0.00568538652494254
1675,5,-0.000146367578505104,6.29914167142597,345.967563667932,211.795251167679,11.7564099095866,-0,0.0199616725507672
1680,5,-0.000130598777282917,6.2984492555365,340.96763889816,211.821773092588,11.7729157440753,-0,0.0272215718171093
1685,5,-1.66363533615563e-05,6.29808116770989,335.967820117287,211.864315096623,11.7592226680233,-0,0.0613188223180181
1690,5,0.000256531505692093,6.29868090559072,330.967958342629,211.901349838569,11.6288063677653,-0,0.169679334614837
1695,5,0.000503196766898642,6.30058022627219,325.968024883646,211.926945667963,11.461855461702,-0,0.285705953496822
1700,5,0.000438288034037434,6.30293393827453,320.968046653754,211.941273102632,11.331361562131,-0,0.272261498166937
1705,5,8.26709425362342e-05,6.30423633571597,315.968048539364,211.941699790197,11.216802432728,-0,0.119770743841865
1710,5,-0.000255380659089117,6.30380456142459,310.968069552849,211.927617953699,10.9953116889398,-0,-0.0280175026689248
1715,5,-0.000380801949246259,6.30221410490375,305.968086030545,211.915824548013,10.7066963103905,-0,-0.0781937268681898
1720,5,-0.000315576506035875,6.30047315876554,300.968125188871,211.9324959104,10.4065937697753,-0,-0.0488488539809869
1725,5,1.52499939542613e-06,6.29968802999894,295.968327171632,211.977313262289,10.106394771541,-0,0.0640633054084863
1730,5,0.000326419152176135,6.30050789037787,290.968454353467,212.012573250326,9.69888735989406,-0,0.210938984334756
1735,5,0.000542469402379388,6.30268011176426,285.968484070753,212.028939798113,9.25735040335015,-0,0.290566946186511
1740,5,0.000533039200078317,6.3053688832704,280.968488939738,212.02529485615,8.86933975019496,-0,0.292933590571188
